{
	"class_name" : "PinholeCameraParameters",
	"extrinsic" : 
	[
		0.032484853190729704,
		-0.054352176923202163,
		0.99799327411405225,
		0.0,
		-0.9966483771090765,
		0.07324519746549632,
		0.036430117404210045,
		0.0,
		-0.075078270618207599,
		-0.99583180402714067,
		-0.05179064943626218,
		0.0,
		55.405440993025607,
		747.17845967656922,
		2307.5036625970288,
		1.0
	],
	"intrinsic" : 
	{
		"height" : 1055,
		"intrinsic_matrix" : 
		[
			913.65680099258282,
			0.0,
			0.0,
			0.0,
			913.65680099258282,
			0.0,
			959.5,
			527.0,
			1.0
		],
		"width" : 1920
	},
	"version_major" : 1,
	"version_minor" : 0
}